{
    "host": "0.0.0.0",
    "port": 10110,
    "speed_knots": 20,
    "route_type": "circle",
    "center_lat": 50.49336635360344,
    "center_lon": -1.7352442707656672,
    "radius_nm": 0.5,
    "num_points": 8
}